"Package","Name","Version","Dependencies"
"Advize-PlantEverything","PlantEverything","1.21.3","denikson-BepInExPack_Valheim-5.4.2351"
"AugusDogus-Buildheim","Buildheim","1.2.1","denikson-BepInExPack_Valheim-5.4.2333, ValheimModding-Jotunn-2.30.0"
"Azumatt-AzuAntiCheat","AzuAntiCheat","5.2.0",""
"Azumatt-AzuAreaRepair","AzuAreaRepair","1.1.8",""
"Azumatt-AzuAutoStore","AzuAutoStore","3.1.6",""
"Azumatt-AzuContainerSizes","AzuContainerSizes","1.1.8",""
"Azumatt-AzuHoverStats","AzuHoverStats","1.1.11",""
"Azumatt-AzuSkillTweaks","AzuSkillTweaks","1.0.8",""
"Azumatt-Azus_UnOfficial_ConfigManager","Azus_UnOfficial_ConfigManager","19.5.0",""
"Azumatt-AzuWorkbenchTweaks","AzuWorkbenchTweaks","1.0.8",""
"Azumatt-Build_Camera_Custom_Hammers_Edition","Build_Camera_Custom_Hammers_Edition","1.3.3",""
"Balrond-balrond_DualMastery","balrond_DualMastery","0.2.8",""
"blacks7ar-BeeKeeper","BeeKeeper","1.1.0",""
"blacks7ar-CookingAdditions","CookingAdditions","1.3.3","denikson-BepInExPack_Valheim-5.4.2350"
"blacks7ar-CoreWoodPieces","CoreWoodPieces","1.2.6","denikson-BepInExPack_Valheim-5.4.2350"
"blacks7ar-Explorer","Explorer","1.1.7","denikson-BepInExPack_Valheim-5.4.2350"
"blacks7ar-Herbalist","Herbalist","1.5.0",""
"blacks7ar-Hunting","Hunting","1.4.5","denikson-BepInExPack_Valheim-5.4.2350"
"blacks7ar-MagicRevamp","MagicRevamp","1.5.1","denikson-BepInExPack_Valheim-5.4.2350"
"blacks7ar-OdinsHares","OdinsHares","1.3.4","denikson-BepInExPack_Valheim-5.4.2350"
"blacks7ar-OreMines","OreMines","1.2.1",""
"blacks7ar-Wisdom","Wisdom","1.0.6",""
"Dad_Is_Bored-DadsDevCommands","DadsDevCommands","1.0.1","denikson-BepInExPack_Valheim-5.4.2350"
"GenesisMods-ExplorerBiomeCompat","ExplorerBiomeCompat","1.0.0","blacks7ar-Explorer-1.1.7"
"GenesisMods-GenesisHeimSuite","GenesisHeimSuite","1.2.1",""
"GenesisMods-HeimdallSagasClient","HeimdallSagasClient","0.2.1",""
"GenesisMods-MrDayNight","MrDayNight","2.0.1","ValheimModding-Jotunn-2.30.1"
"GenesisMods-SenealBackpacksCompat","SenealBackpacksCompat","0.1.7","seneaL-SeneaL_UI-1.1.6, Smoothbrain-Backpacks-1.3.10"
"GenesisMods-zzzGenesisItemStacks","zzzGenesisItemStacks","2.3.2","ValheimModding-Jotunn-2.30.2"
"Gurebu-Riverheim","Riverheim","1.2.1","denikson-BepInExPack_Valheim-5.4.2202"
"jg224-ModCore","ModCore","0.5.1","denikson-BepInExPack_Valheim-5.4.2333"
"jg224-TrulySmoothLadders","TrulySmoothLadders","0.5.8","jg224-ModCore-0.5.0"
"MagicMike-CoreWoodExtras","CoreWoodExtras","2.3.1","denikson-BepInExPack_Valheim-5.4.2350, ValheimModding-Jotunn-2.30.1"
"MagicMike-MyDirtyHoe","MyDirtyHoe","2.2.1","denikson-BepInExPack_Valheim-5.4.2350, ValheimModding-Jotunn-2.30.1"
"Max-SailTrim","SailTrim","1.11.1",""
"MidnightMods-AchievementEnabler","AchievementEnabler","0.4.1","denikson-BepInExPack_Valheim-5.4.2350"
"MidnightMods-StarLevelSystem","StarLevelSystem","1.20.0","denikson-BepInExPack_Valheim-5.4.2350, ValheimModding-Jotunn-2.30.0, ValheimModding-YamlDotNet-16.3.1"
"MidnightMods-ValheimArmory","ValheimArmory","1.35.0","denikson-BepInExPack_Valheim-5.4.2350, ValheimModding-Jotunn-2.30.0"
"OdinPlus-BlacksmithingExpanded","BlacksmithingExpanded","1.2.4",""
"OdinPlus-OdinArchitect","OdinArchitect","1.7.9","ValheimModding-Jotunn-2.30.2"
"OdinPlus-OdinBear","OdinBear","1.5.2",""
"OdinPlus-OdinHorse","OdinHorse","1.7.5",""
"OdinPlus-OdinsKingdom","OdinsKingdom","1.6.2",""
"RustyMods-Seasonality","Seasonality","3.8.3","denikson-BepInExPack_Valheim-5.4.2333, ValheimModding-YamlDotNet-16.3.1"
"seneaL-SeneaL_UI","SeneaL_UI","1.1.7","denikson-BepInExPack_Valheim-5.4.2202"
"shudnal-ConditionalConfigSync","ConditionalConfigSync","1.0.9","denikson-BepInExPack_Valheim-5.4.2350"
"shudnal-HipLantern","HipLantern","1.1.12","denikson-BepInExPack_Valheim-5.4.2350, shudnal-ConditionalConfigSync-1.0.5, ValheimModding-YamlDotNet-16.3.1"
"shudnal-ProtectiveWards","ProtectiveWards","2.0.15","denikson-BepInExPack_Valheim-5.4.2350, ValheimModding-YamlDotNet-16.3.1, ValheimModding-Jotunn-2.30.0"
"Smoothbrain-Backpacks","Backpacks","1.3.10",""
"Smoothbrain-ConversionSizeAndSpeed","ConversionSizeAndSpeed","1.0.18",""
"Smoothbrain-Jewelcrafting","Jewelcrafting","2.0.10",""
"Smoothbrain-Lumberjacking","Lumberjacking","1.0.7",""
"Smoothbrain-Mining","Mining","1.1.7",""
"Smoothbrain-Ranching","Ranching","1.1.9",""
"Smoothbrain-ServerCharacters","ServerCharacters","1.4.17",""
"Smoothbrain-StartupAccelerator","StartupAccelerator","1.0.3","denikson-BepInExPack_Valheim-5.4.2202"
"Smoothbrain-Vitality","Vitality","1.1.6",""
"ValheimModding-Jotunn","Jotunn","2.30.2","denikson-BepInExPack_Valheim-5.4.2333"
"ValheimModding-JsonDotNET","JsonDotNET","13.0.4",""
"ValheimModding-YamlDotNet","YamlDotNet","16.3.1",""
"Xutz-ValheimCuisine","ValheimCuisine","2.3.2","denikson-BepInExPack_Valheim-5.4.2333"
"ZenDragon-ZenCombat","ZenCombat","1.0.2","ZenDragon-Zen_ModLib-1.14.15"
"ZenDragon-ZenPath","ZenPath","1.1.0","ZenDragon-Zen_ModLib-1.14.0"
"ZenDragon-ZenPlayer","ZenPlayer","1.3.0","ZenDragon-Zen_ModLib-1.14.0"
"ZenDragon-ZenRaids","ZenRaids","1.2.3","ZenDragon-Zen_ModLib-1.14.14"
"ZenDragon-ZenRedecorate","ZenRedecorate","1.5.0","ZenDragon-Zen_ModLib-1.14.0"
"ZenDragon-ZenSign","ZenSign","1.9.3","ZenDragon-Zen_ModLib-1.14.19"
"ZenDragon-ZenTargeting","ZenTargeting","1.1.0","ZenDragon-Zen_ModLib-1.14.0"
"ZenDragon-ZenUseItem","ZenUseItem","1.2.0","ZenDragon-Zen_ModLib-1.14.0"
"ZenDragon-ZenWorldSettings","ZenWorldSettings","1.13.3","ZenDragon-Zen_ModLib-1.14.19"
"ZenDragon-Zen_ModLib","Zen_ModLib","1.14.19","denikson-BepInExPack_Valheim-5.4.2351, ValheimModding-Jotunn-2.30.0"
