"File","Type","Guid","Name","Version"
"Advize-PlantEverything\Advize_PlantEverything.dll","Advize_PlantEverything.PlantEverything","advize.PlantEverything","PlantEverything","1.21.3"
"AugusDogus-Buildheim\Buildheim.dll","PlanBuild.PlanBuildPlugin","augusdogus.Buildheim","Buildheim","1.2.1"
"Azumatt-AzuAntiCheat\AzuAnticheat.dll","AzuAntiCheat.AzuAnticheatPlugin","Azumatt.AzuAntiCheat","AzuAntiCheat","5.2.0"
"Azumatt-AzuAreaRepair\AzuAreaRepair.dll","AzuAreaRepair.AzuAreaRepairPlugin","Azumatt.AzuAreaRepair","AzuAreaRepair","1.1.8"
"Azumatt-AzuAutoStore\AzuAutoStore.dll","AzuAutoStore.AzuAutoStorePlugin","Azumatt.AzuAutoStore","AzuAutoStore","3.1.6"
"Azumatt-AzuContainerSizes\AzuContainerSizes.dll","AzuContainerSizes.AzuContainerSizesPlugin","Azumatt.AzuContainerSizes","AzuContainerSizes","1.1.8"
"Azumatt-AzuHoverStats\AzuHoverStats.dll","AzuHoverStats.AzuHoverStatsPlugin","Azumatt.AzuHoverStats","AzuHoverStats","1.1.11"
"Azumatt-AzuSkillTweaks\AzuSkillTweaks.dll","AzuSkillTweaks.AzuSkillTweaksPlugin","Azumatt.AzuSkillTweaks","AzuSkillTweaks","1.0.8"
"Azumatt-Azus_UnOfficial_ConfigManager\ConfigurationManager.dll","ConfigurationManager.ConfigurationManager","com.bepis.bepinex.configurationmanager","Configuration Manager","19.5.0"
"Azumatt-AzuWorkbenchTweaks\AzuWorkbenchTweaks.dll","AzuWorkbenchTweaks.AzuWorkbenchTweaksPlugin","Azumatt.AzuWorkbenchTweaks","AzuWorkbenchTweaks","1.0.8"
"Azumatt-Build_Camera_Custom_Hammers_Edition\Build Camera.dll","Valheim_Build_Camera.Valheim_Build_CameraPlugin","Azumatt.BuildCameraCHE","BuildCameraCHE","1.3.3"
"Balrond-balrond_DualMastery\BalrondDualMastery.dll","Balrond.DualMastery.Plugin","balrond.astafaraios.BalrondDualMastery","BalrondDualMastery","0.2.8"
"blacks7ar-BeeKeeper\BeeKeeper.dll","BeeKeeper.Plugin","blacks7ar.BeeKeeper","BeeKeeper","1.1.0"
"blacks7ar-CookingAdditions\CookingAdditions.dll","CookingAdditions.Plugin","blacks7ar.CookingAdditions","CookingAdditions","1.3.3"
"blacks7ar-CoreWoodPieces\CoreWoodPieces.dll","CoreWoodPieces.Plugin","blacks7ar.CoreWoodPieces","CoreWoodPieces","1.2.6"
"blacks7ar-Explorer\Explorer.dll","Explorer.Plugin","blacks7ar.Explorer","Explorer","1.1.7"
"blacks7ar-Herbalist\Herbalist.dll","Herbalist.Plugin","blacks7ar.Herbalist","Herbalist","1.5.0"
"blacks7ar-Hunting\Hunting.dll","Hunting.Plugin","blacks7ar.Hunting","Hunting","1.4.5"
"blacks7ar-MagicRevamp\MagicRevamp.dll","MagicRevamp.Plugin","blacks7ar.MagicRevamp","MagicRevamp","1.5.1"
"blacks7ar-OdinsHares\OdinsHares.dll","OdinsHares.Plugin","blacks7ar.OdinsHares","OdinsHares","1.3.4"
"blacks7ar-OreMines\OreMines.dll","OreMines.Plugin","blacks7ar.OreMines","OreMines","1.2.1"
"blacks7ar-Wisdom\Wisdom.dll","Wisdom.Plugin","blacks7ar.Wisdom","Wisdom","1.0.6"
"BRKiHeL-ExplorerBiomeCompat\BRKiHeL.ExplorerBiomeCompat.dll","ExplorerBiomeCompat","BRKiHeL.ExplorerBiomeCompat","Explorer Biome Compat","1.0.0"
"Dad_Is_Bored-DadsDevCommands\DadsDevCommands.dll","ServerDevcommands.DadsDevCommandsPlugin","com.dadisbored.dadsdevcommands","DadsDevCommands","1.0.1"
"GenesisMods-GenesisHeimSuite\GenesisHeimSuite.dll","GenesisHeim.Nucleo","genesisheim.suite","GenesisHeim","1.2.1"
"GenesisMods-MrDayNight\MrDayNight.dll","MrDayNight.MrDayNight","genesisproj.mrdaynight","MrDayNight","2.0.0"
"GenesisMods-SenealBackpacksCompat\SenealBackpacksCompat.dll","SenealBackpacksCompat.Plugin","diego.seneal.backpacks.compat","SeneaL UI + Backpacks Compat","0.1.7"
"GenesisMods-zzzGenesisItemStacks\zzzGenesisItemStacks.dll","GenesisItemStacks.zzzGenesisItemStacks","Genesis.zzzGenesisItemStacks","zzzGenesisItemStacks","2.3.2"
"Gurebu-Riverheim\Riverheim.dll","Riverheim.Plugin.RiverheimPlugin","dev.gurebu.riverheim.stable","Riverheim","1.2.1"
"jg224-ModCore\JG224.ModCore.dll","JG224.ModCore.Plugin","com.jg224.modcore","ModCore","0.5.1"
"jg224-TrulySmoothLadders\TrulySmoothLadders.dll","JG224.TrulySmoothLadders.Plugin","jg224.TrulySmoothLadders","TrulySmoothLadders","0.5.8"
"MagicMike-CoreWoodExtras\CoreWoodExtras.dll","CoreWoodExtras.CoreWoodPlugin","MagicMike.CoreWoodExtras","CoreWoodExtras","2.3.1"
"MagicMike-MyDirtyHoe\MyDirtyHoe.dll","MyDirtyHoe.MyDirtyHoeMod","MagicMike.MyDirtyHoe","MyDirtyHoe","2.2.1"
"Max-SailTrim\SailTrim.dll","SailTrim.Plugin","com.maxst.sailtrim","SailTrim","1.11.1"
"MidnightMods-AchievementEnabler\AchievementEnabler.dll","AchievementEnabler.AchievementEnabler","MidnightsFX.AchievementEnabler","AchievementEnabler","0.4.1"
"MidnightMods-StarLevelSystem\StarLevelSystem.dll","StarLevelSystem.StarLevelSystem","MidnightsFX.StarLevelSystem","StarLevelSystem","1.20.0"
"MidnightMods-ValheimArmory\ValheimArmory.dll","ValheimArmory.ValheimArmory","MidnightsFX.ValheimArmory","ValheimArmory","1.35.0"
"OdinPlus-BlacksmithingExpanded\BlacksmithingExpanded.dll","BlacksmithingExpanded.BlacksmithingExpanded","org.bepinex.plugins.blacksmithingexpanded","Blacksmithing Expanded","1.2.4"
"OdinPlus-OdinBear\OdinBear.dll","OdinBear.OdinBear","Raelaziel.OdinBear","OdinBear","1.5.2"
"OdinPlus-OdinHorse\OdinHorse.dll","OdinHorse.OdinHorse","Raelaziel.OdinHorse","OdinHorse","1.7.5"
"OdinPlus-OdinsKingdom\OdinsKingdom.dll","OdinsKingdom.OdinsKingdom","odinplus.plugins.odinskingdom","OdinsKingdom","1.6.2"
"RustyMods-Seasonality\Seasonality.dll","Seasonality.SeasonalityPlugin","RustyMods.Seasonality","Seasonality","3.8.3"
"shudnal-ConditionalConfigSync\ConditionalConfigSync.Plugin.dll","ConditionalConfigSync.ConditionalConfigSyncPlugin","_shudnal.ConditionalConfigSync","Conditional Config Sync","1.0.9"
"shudnal-HipLantern\HipLantern.dll","HipLantern.HipLantern","shudnal.HipLantern","Hip Lantern","1.1.12"
"shudnal-ProtectiveWards\ProtectiveWards.dll","ProtectiveWards.ProtectiveWards","shudnal.ProtectiveWards","Protective Wards","2.0.15"
"Smoothbrain-Backpacks\Backpacks.dll","Backpacks.Backpacks","org.bepinex.plugins.backpacks","Backpacks","1.3.10"
"Smoothbrain-ConversionSizeAndSpeed\ConversionSizeSpeed.dll","ConversionSizeSpeed.ConversionSizeSpeed","org.bepinex.plugins.conversionsizespeed","Conversion Size & Speed","1.0.18"
"Smoothbrain-Jewelcrafting\Jewelcrafting.dll","Jewelcrafting.Jewelcrafting","org.bepinex.plugins.jewelcrafting","Jewelcrafting","2.0.10"
"Smoothbrain-Lumberjacking\Lumberjacking.dll","Lumberjacking.Lumberjacking","org.bepinex.plugins.lumberjacking","Lumberjacking","1.0.7"
"Smoothbrain-Mining\Mining.dll","Mining.Mining","org.bepinex.plugins.mining","Mining","1.1.7"
"Smoothbrain-Ranching\Ranching.dll","Ranching.Ranching","org.bepinex.plugins.ranching","Ranching","1.1.9"
"Smoothbrain-ServerCharacters\ServerCharacters.dll","ServerCharacters.ServerCharacters","org.bepinex.plugins.servercharacters","Server Characters","1.4.17"
"Smoothbrain-Vitality\Vitality.dll","Vitality.Vitality","org.bepinex.plugins.vitality","Vitality","1.1.6"
"ValheimModding-Jotunn\Jotunn.dll","Jotunn.Main","com.jotunn.jotunn","Jotunn","2.30.2"
"ValheimModding-JsonDotNET\NewtonsoftJsonDetector.dll","NewtonsoftJsonDetector.Plugin","com.ValheimModding.NewtonsoftJsonDetector","Newtonsoft.Json Detector","1.0.0"
"ValheimModding-YamlDotNet\YamlDotNetDetector.dll","YamlDotNetDetector.Plugin","com.ValheimModding.YamlDotNetDetector","YamlDotNet Detector","1.0.0"
"Xutz-ValheimCuisine\ValheimCuisine.dll","ValheimCuisine.ValheimCuisinePlugin","XutzBR.ValheimCuisine","ValheimCuisine","2.3.2"
"ZenDragon-ZenCombat\ZenCombat.dll","ZenCombat.Plugin","ZenDragon.ZenCombat","ZenCombat","1.0.2"
"ZenDragon-ZenPath\ZenPath.dll","ZenPath.Plugin","ZenDragon.ZenPath","ZenPath","1.1.0"
"ZenDragon-ZenPlayer\ZenPlayer.dll","ZenPlayer.Plugin","ZenDragon.ZenPlayer","ZenPlayer","1.3.0"
"ZenDragon-ZenRaids\ZenRaids.dll","ZenRaids.Plugin","ZenDragon.ZenRaids","ZenRaids","1.2.3"
"ZenDragon-ZenRedecorate\ZenRedecorate.dll","ZenRedecorate.Plugin","ZenDragon.ZenRedecorate","ZenRedecorate","1.5.0"
"ZenDragon-ZenSign\ZenSign.dll","ZenSign.Plugin","ZenDragon.ZenSign","ZenSign","1.9.3"
"ZenDragon-ZenTargeting\ZenTargeting.dll","ZenTargeting.Plugin","ZenDragon.ZenTargeting","ZenTargeting","1.1.0"
"ZenDragon-ZenUseItem\ZenUseItem.dll","ZenUseItem.Plugin","ZenDragon.ZenUseItem","ZenUseItem","1.2.0"
"ZenDragon-ZenWorldSettings\ZenWorldSettings.dll","ZenWorldSettings.Plugin","ZenDragon.ZenWorldSettings","ZenWorldSettings","1.13.3"
"ZenDragon-Zen_ModLib\Zen.ModLib.dll","Zen.ModLib","ZenDragon.Zen.ModLib","Zen.ModLib","1.14.19"
"GenesisMods-ExplorerBiomeCompat\BRKiHeL-ExplorerBiomeCompat\BRKiHeL.ExplorerBiomeCompat.dll","ExplorerBiomeCompat","BRKiHeL.ExplorerBiomeCompat","Explorer Biome Compat","1.0.0"
"GenesisMods-HeimdallSagasClient\HeimdallSagas\HeimdallSagas.Client.dll","Heimdall.Sagas.Mod.ClientPlugin","gg.heimdall.sagas.client","Heimdall Sagas Client","0.2.1"
"OdinPlus-OdinArchitect\OdinArchitect\OdinArchitect.dll","OdinArchitect.OdinArchitect","Raelaziel.OdinArchitect","OdinArchitect","1.7.9"
"seneaL-SeneaL_UI\SeneaL-UI\SeneaL-UI.dll","SeneaLUI.Plugin","seneaL.valheim.ui","SeneaL UI","1.1.7"
