"Name","Version"
"Conditional Config Sync","1.0.9"
"PlantEverything","1.21.3"
"Configuration Manager","19.5.0"
"Jotunn","2.30.2"
"Buildheim","1.2.1"
"AzuAntiCheat","5.2.0"
"AzuAreaRepair","1.1.8"
"Backpacks","1.3.10"
"AzuAutoStore","3.1.6"
"AzuContainerSizes","1.1.8"
"AzuHoverStats","1.1.11"
"AzuSkillTweaks","1.0.8"
"AzuWorkbenchTweaks","1.0.8"
"BuildCameraCHE","1.3.3"
"BalrondDualMastery","0.2.8"
"BeeKeeper","1.1.0"
"CookingAdditions","1.3.3"
"CoreWoodPieces","1.2.6"
"Explorer","1.1.7"
"Herbalist","1.5.0"
"Hunting","1.4.5"
"MagicRevamp","1.5.1"
"OdinsHares","1.3.4"
"OreMines","1.2.1"
"Wisdom","1.0.6"
"Explorer Biome Compat","1.0.0"
"DadsDevCommands","1.0.1"
"ModCore","0.5.1"
"SailTrim","1.11.1"
"Newtonsoft.Json Detector","1.0.0"
"YamlDotNet Detector","1.0.0"
"Riverheim","1.2.1"
"SeneaL UI","1.1.7"
"Jewelcrafting","2.0.10"
"SeneaL UI + Backpacks Compat","0.1.7"
"zzzGenesisItemStacks","2.3.2"
"GenesisHeim","1.2.1"
"Zen.ModLib","1.14.19"
"ZenWorldSettings","1.13.3"
"MrDayNight","2.0.0"
"Heimdall Sagas Client","0.2.1"
"TrulySmoothLadders","0.5.8"
"CoreWoodExtras","2.3.1"
"MyDirtyHoe","2.2.1"
"AchievementEnabler","0.4.1"
"StarLevelSystem","1.20.0"
"ValheimArmory","1.35.0"
"OdinsKingdom","1.6.2"
"Blacksmithing Expanded","1.2.4"
"Conversion Size & Speed","1.0.18"
"Lumberjacking","1.0.7"
"Mining","1.1.7"
"Ranching","1.1.9"
"Server Characters","1.4.17"
"Vitality","1.1.6"
"OdinArchitect","1.7.9"
"OdinBear","1.5.2"
"OdinHorse","1.7.5"
"Seasonality","3.8.3"
"Hip Lantern","1.1.12"
"Protective Wards","2.0.15"
"ValheimCuisine","2.3.2"
"ZenCombat","1.0.2"
"ZenPath","1.1.0"
"ZenPlayer","1.3.0"
"ZenRaids","1.2.3"
"ZenRedecorate","1.5.0"
"ZenSign","1.9.3"
"ZenTargeting","1.1.0"
"ZenUseItem","1.2.0"
