"Path","Lines"
"Directory.Build.props","34"
"src/GenesisUI.Core/Collections/ListOrder.cs","28"
"src/GenesisUI.Core/Data/StrictJson.cs","167"
"src/GenesisUI.Core/Foundation/Contracts/GameContractAttribute.cs","37"
"src/GenesisUI.Core/Foundation/Faults/FaultRegistry.cs","102"
"src/GenesisUI.Core/Foundation/Faults/RecoveryPolicy.cs","39"
"src/GenesisUI.Core/Foundation/Formatting/Invariant.cs","24"
"src/GenesisUI.Core/Foundation/Input/LeaseBook.cs","80"
"src/GenesisUI.Core/Foundation/Logging/RateLimiter.cs","60"
"src/GenesisUI.Core/Foundation/Logging/Redactor.cs","72"
"src/GenesisUI.Core/Foundation/Versioning/BuildInfo.cs","40"
"src/GenesisUI.Core/GenesisUI.Core.csproj","24"
"src/GenesisUI.Core/HudModel/NoticeStack.cs","116"
"src/GenesisUI.Core/HudModel/TileGrid.cs","19"
"src/GenesisUI.Core/HudModel/TimeText.cs","43"
"src/GenesisUI.Core/InventoryModel/EquipmentMove.cs","83"
"src/GenesisUI.Core/InventoryModel/InventorySort.cs","52"
"src/GenesisUI.Core/InventoryModel/LayoutChange.cs","121"
"src/GenesisUI.Core/InventoryModel/SlotLayout.cs","113"
"src/GenesisUI.Core/InventoryModel/SlotRules.cs","48"
"src/GenesisUI.Core/Motion/Pulse.cs","19"
"src/GenesisUI.Core/Theme/ColorRgba.cs","50"
"src/GenesisUI.Core/Theme/SpriteManifest.cs","166"
"src/GenesisUI.Core/Theme/ThemeTokens.cs","30"
"src/GenesisUI.Core/Vitals/BarAnimator.cs","63"
"src/GenesisUI/Build.cs","29"
"src/GenesisUI/Diagnostics/FaultPopup.cs","120"
"src/GenesisUI/Diagnostics/Overlay.cs","208"
"src/GenesisUI/Diagnostics/Watermark.cs","57"
"src/GenesisUI/Foundation/ContractResolver.cs","66"
"src/GenesisUI/Foundation/GenesisLog.cs","106"
"src/GenesisUI/Foundation/Guard.cs","108"
"src/GenesisUI/Foundation/GuardedPatcher.cs","97"
"src/GenesisUI/Foundation/InputLeases.cs","43"
"src/GenesisUI/Foundation/LogFileSink.cs","84"
"src/GenesisUI/Foundation/ReportWriter.cs","101"
"src/GenesisUI/Foundation/SessionHeader.cs","77"
"src/GenesisUI/Foundation/VanillaNudge.cs","86"
"src/GenesisUI/Foundation/VanillaSkin.cs","249"
"src/GenesisUI/Foundation/VanillaVeil.cs","174"
"src/GenesisUI/Gameplay/EquipmentRules.cs","99"
"src/GenesisUI/Gameplay/InventoryModule.cs","188"
"src/GenesisUI/Gameplay/InventorySettings.cs","83"
"src/GenesisUI/Gameplay/ItemCategories.cs","39"
"src/GenesisUI/Gameplay/SavedLayout.cs","43"
"src/GenesisUI/Gameplay/SlotHotkeys.cs","133"
"src/GenesisUI/GenesisUI.csproj","88"
"src/GenesisUI/Host/HudDump.cs","57"
"src/GenesisUI/Host/IUiModule.cs","64"
"src/GenesisUI/Host/ModuleHost.cs","337"
"src/GenesisUI/Host/RegionRegistry.cs","218"
"src/GenesisUI/ILRepack.targets","31"
"src/GenesisUI/Modules/Boss/BossModule.cs","198"
"src/GenesisUI/Modules/Build/BuildMenuModule.cs","664"
"src/GenesisUI/Modules/Climate/ClimateModule.cs","175"
"src/GenesisUI/Modules/Enemy/EnemyModule.cs","103"
"src/GenesisUI/Modules/Enemy/EnemyPlateView.cs","217"
"src/GenesisUI/Modules/Food/FoodModule.cs","228"
"src/GenesisUI/Modules/Hints/KeyHintsModule.cs","149"
"src/GenesisUI/Modules/Hotbar/HotbarModule.cs","204"
"src/GenesisUI/Modules/Hover/HoverModule.cs","143"
"src/GenesisUI/Modules/Minimap/CircularMapImage.cs","37"
"src/GenesisUI/Modules/Minimap/MapMarkers.cs","130"
"src/GenesisUI/Modules/Minimap/MapWindowModule.cs","537"
"src/GenesisUI/Modules/Minimap/MinimapModule.cs","331"
"src/GenesisUI/Modules/Notice/NoticeCard.cs","94"
"src/GenesisUI/Modules/Notice/NoticeModule.cs","220"
"src/GenesisUI/Modules/Slots/QuickSlotsModule.cs","167"
"src/GenesisUI/Modules/Sprint/SprintModule.cs","314"
"src/GenesisUI/Modules/Status/StatusModule.cs","183"
"src/GenesisUI/Modules/Vitals/VitalBarView.cs","406"
"src/GenesisUI/Modules/Vitals/VitalsModule.cs","170"
"src/GenesisUI/Modules/Windows/AchievementsWindowModule.cs","212"
"src/GenesisUI/Modules/Windows/CraftingWindowModule.cs","1034"
"src/GenesisUI/Modules/Windows/DialogsModule.cs","440"
"src/GenesisUI/Modules/Windows/InventoryWindowModule.cs","1202"
"src/GenesisUI/Modules/Windows/PauseMenuModule.cs","366"
"src/GenesisUI/Modules/Windows/SettingsWindowModule.cs","427"
"src/GenesisUI/Modules/Windows/SkillsWindowModule.cs","496"
"src/GenesisUI/Modules/Windows/StoreWindowModule.cs","293"
"src/GenesisUI/Modules/Windows/VanillaPanels.cs","49"
"src/GenesisUI/Modules/Windows/WindowModuleBase.cs","171"
"src/GenesisUI/Modules/Windows/WindowShellModule.cs","727"
"src/GenesisUI/Patches/CraftingListPatch.cs","29"
"src/GenesisUI/Patches/EquipmentPatches.cs","179"
"src/GenesisUI/Patches/InventoryLayoutPatches.cs","117"
"src/GenesisUI/Patches/InventoryTabKeyPatch.cs","34"
"src/GenesisUI/Patches/ShortcutInputPatch.cs","44"
"src/GenesisUI/Plugin.cs","354"
"src/GenesisUI/PluginInfo.cs","15"
"src/GenesisUI/Theme/ThemeRuntime.cs","401"
"src/GenesisUI/Widgets/Backdrop.cs","24"
"src/GenesisUI/Widgets/BurnLight.cs","77"
"src/GenesisUI/Widgets/EdgeLight.cs","101"
"src/GenesisUI/Widgets/EmberField.cs","79"
"src/GenesisUI/Widgets/Frame.cs","104"
"src/GenesisUI/Widgets/Glide.cs","80"
"src/GenesisUI/Widgets/ItemStats.cs","90"
"src/GenesisUI/Widgets/KeyText.cs","47"
"src/GenesisUI/Widgets/LiquidLayer.cs","47"
"src/GenesisUI/Widgets/ModelPreviews.cs","257"
"src/GenesisUI/Widgets/OneShotLight.cs","165"
"src/GenesisUI/Widgets/PressFeedback.cs","104"
"src/GenesisUI/Widgets/PreviewStage.cs","498"
"src/GenesisUI/Widgets/RuneTitle.cs","122"
"src/GenesisUI/Widgets/ScrollArea.cs","74"
"src/GenesisUI/Widgets/SlotView.cs","211"
"src/GenesisUI/Widgets/TabBeam.cs","164"
"src/GenesisUI/Widgets/TileView.cs","134"
"src/GenesisUI/Widgets/Ui.cs","96"
"src/GenesisUI/Widgets/UiSound.cs","142"
"src/GenesisUI/Widgets/WindowCanvas.cs","119"
"src/GenesisUI/Widgets/WindowParts.cs","137"
"tests/GenesisUI.Contract.Tests/BannedApiTests.cs","83"
"tests/GenesisUI.Contract.Tests/FoundationIsolationTests.cs","49"
"tests/GenesisUI.Contract.Tests/GameContractTests.cs","141"
"tests/GenesisUI.Contract.Tests/GenesisUI.Contract.Tests.csproj","35"
"tests/GenesisUI.Contract.Tests/IlScanner.cs","192"
"tests/GenesisUI.Contract.Tests/TestPaths.cs","42"
"tests/GenesisUI.Core.Tests/BarAnimatorTests.cs","118"
"tests/GenesisUI.Core.Tests/BuildInfoTests.cs","37"
"tests/GenesisUI.Core.Tests/EquipmentMoveTests.cs","56"
"tests/GenesisUI.Core.Tests/FaultRegistryTests.cs","94"
"tests/GenesisUI.Core.Tests/GenesisUI.Core.Tests.csproj","20"
"tests/GenesisUI.Core.Tests/HudFormattingTests.cs","66"
"tests/GenesisUI.Core.Tests/InvariantTests.cs","36"
"tests/GenesisUI.Core.Tests/InventoryLayoutTests.cs","136"
"tests/GenesisUI.Core.Tests/LeaseBookTests.cs","69"
"tests/GenesisUI.Core.Tests/ListOrderTests.cs","25"
"tests/GenesisUI.Core.Tests/NoticeStackTests.cs","103"
"tests/GenesisUI.Core.Tests/RateLimiterTests.cs","55"
"tests/GenesisUI.Core.Tests/RecoveryPolicyTests.cs","28"
"tests/GenesisUI.Core.Tests/RedactorTests.cs","65"
"tests/GenesisUI.Core.Tests/ShippedArtTests.cs","98"
"tests/GenesisUI.Core.Tests/SlotRulesTests.cs","72"
"tests/GenesisUI.Core.Tests/SpriteManifestTests.cs","107"
"tests/GenesisUI.Core.Tests/StrictJsonTests.cs","52"
"tests/GenesisUI.Core.Tests/ThemeTests.cs","67"
"tools/art/extract.py","271"
"tools/art/fonts.py","105"
"tools/art/metal.py","653"
"tools/art/mock.py","477"
"tools/art/patterns.py","223"
"tools/art/refine_concept.py","484"
"tools/art/render.py","132"
"tools/art/shapes.py","204"
"tools/art/sheets.py","595"
"tools/art/sheets_preview.py","52"
"tools/art/style.py","70"
"tools/art/upscale.py","139"
"tools/fill-ref.sh","40"
"tools/inspect/Program.cs","65"
"tools/inspect/inspect.csproj","11"
"tools/package.ps1","101"
"tools/package.sh","115"
"tools/shaders/build.ps1","44"
"tools/shaders/build.sh","38"
"unity/Assets/GenesisUI/Editor/BuildShaders.cs","51"
"unity/Assets/GenesisUI/Editor/PreviewKeyVerification.cs","68"
"unity/Assets/GenesisUI/Shaders/Backdrop.shader","87"
"unity/Assets/GenesisUI/Shaders/Beam.shader","143"
"unity/Assets/GenesisUI/Shaders/Blur.shader","89"
"unity/Assets/GenesisUI/Shaders/Burn.shader","131"
"unity/Assets/GenesisUI/Shaders/Edge.shader","112"
"unity/Assets/GenesisUI/Shaders/Embers.shader","118"
"unity/Assets/GenesisUI/Shaders/Heartbeat.shader","88"
"unity/Assets/GenesisUI/Shaders/Keyed.shader","100"
"unity/Assets/GenesisUI/Shaders/Metal.shader","211"
"unity/Assets/GenesisUI/Shaders/Reveal.shader","107"
"unity/Assets/GenesisUI/Shaders/Ring.shader","95"
"unity/Assets/GenesisUI/Shaders/Shine.shader","99"
